,Train_r2,Train_PearsonR,Train_SpearmanR,Train_R2,Train_RMSE,Train_MAE
1,0.208858391012074,0.45701027451477994,0.5143516320765651,-0.04125694938721791,1.6517376902699763,1.2283588822790055
2,0.5369953833102552,0.7327996883939412,0.7351517080337711,0.49089851581103694,1.1549529805947898,0.9030467815635009
3,0.5965349112604266,0.7723567253934077,0.767564623676797,0.5602187025613246,1.0734467377809236,0.8354513351957937
4,0.636045706242926,0.7975247370727296,0.7879267115627198,0.6055906501543162,1.0165663348699567,0.7882986645034317
5,0.660468148956665,0.8126919151539925,0.801133837131911,0.6342989981794114,0.9788704030265384,0.7570895543453087
6,0.6836270369869605,0.8268174145402126,0.8138224666751884,0.6613648057138503,0.9419506898937011,0.7262426273146608
7,0.7014755592092737,0.8375413776102495,0.8230617132027377,0.6823075499515907,0.9123585984696193,0.7009449885598921
8,0.7211940621899181,0.8492314538392455,0.8335803631582014,0.706035432286488,0.8776262728062311,0.6719283194123521
9,0.7352477258181583,0.8574658744335889,0.8407356817033169,0.722393153440161,0.8528589450373111,0.6512770148813218
10,0.7444080806879916,0.8627908672951943,0.8451672718043652,0.733235002675297,0.8360390145131508,0.6370869080653333
11,0.7561059124210899,0.8695435080667842,0.8516104640136147,0.7467357903250957,0.8146086794271495,0.6191762209635453
12,0.7638685231995588,0.8739957226437437,0.8558065234383295,0.7557747877875931,0.7999399199650545,0.6067762063356248
13,0.7738743762647984,0.8797012994561271,0.8615179544986734,0.7672716726404776,0.7808843993740954,0.5910321360129301
14,0.7832182995990075,0.8849962144546201,0.8672873733459033,0.7777635256814919,0.7630795091855129,0.5761439948615223
15,0.7897431611978003,0.8886749468719135,0.8705969070016972,0.7851519459339058,0.7502877135817548,0.5654117241322145
16,0.796222093427356,0.892312777801236,0.8742374205579502,0.7925046689943163,0.7373374400849033,0.554778909057547
17,0.8017829513892852,0.8954233364109329,0.8774291193039776,0.7988020642403288,0.7260622927562452,0.544712044150421
18,0.8061931580066661,0.8978825970062386,0.8796408887987618,0.8037389559586415,0.7170990956728897,0.5375810824274254
19,0.8107515178658288,0.9004174131289472,0.882370181683894,0.8087071963599222,0.7079644307285864,0.5290888115687944
20,0.8151053543281558,0.9028318527434426,0.8849185394770993,0.8134002956399033,0.699226047267497,0.5216337406793264
21,0.8190659163239253,0.9050226054215045,0.886903528467981,0.8175819926799668,0.6913468303708356,0.514731899862332
22,0.8226790624915608,0.907016572335677,0.8887851331387089,0.821362486492165,0.6841454688621939,0.5076347186256394
23,0.8263737365984403,0.9090510087989797,0.8908196838126367,0.825210276530937,0.6767372310084196,0.5013866764601519
24,0.8295733170276862,0.9108091551075258,0.8926444976148286,0.8285415832889294,0.6702572601754316,0.49452731834592295
25,0.832476989283378,0.9124017696625651,0.8942382653966261,0.831556917727609,0.6643374150492242,0.4897628421520358
26,0.8359780767257236,0.9143183672691495,0.8963046849743316,0.8352030305313688,0.6571079672214705,0.4830458133973155
27,0.8380412406128459,0.9154459244613223,0.8974332334307646,0.8373206710853138,0.6528723987811385,0.4792578497280319
28,0.8408510047740229,0.9169792826307597,0.8990186424723416,0.8402430629480188,0.6469816826820546,0.4741271463665948
29,0.843206777643987,0.9182629131376192,0.9004266650957176,0.842677187322419,0.6420339202838955,0.46945752851019185
30,0.845678964224629,0.9196080492387113,0.9021011928637489,0.8452141867284202,0.636836136722391,0.46463278093013305
31,0.8474367167148383,0.9205632605719403,0.9030838392637786,0.8470352356763832,0.633078877090819,0.46082841478937775
32,0.8489857915917851,0.9214042498229467,0.9039765705524095,0.8486249576231921,0.6297805752626235,0.4579681079472925
33,0.8511835408646046,0.9225960876052984,0.9054289752338766,0.8508680601646923,0.6250970594247269,0.45304936555567166
34,0.8525650947586291,0.9233445157462242,0.9063360373722381,0.8522871929225593,0.6221157523794781,0.4510176439473479
35,0.8541305363780202,0.9241918287769149,0.9075145523194963,0.8538841692149429,0.6187436547781863,0.44746352854684945
36,0.855677262337643,0.9250282494808714,0.9085093908472733,0.8554695833015719,0.6153776936792776,0.44427434550654227
37,0.8571812302125654,0.9258408233668275,0.9094325399688586,0.8569920236186774,0.6121280106516542,0.4415344226071052
38,0.8578248413847518,0.9261883401256752,0.9101395089612551,0.8576531037746831,0.6107115357280127,0.4397733559086889
39,0.8590194485487863,0.9268330208558542,0.9109221824522934,0.8588579063627968,0.6081215587800255,0.43665863334512484
40,0.8602214646667079,0.9274812476091965,0.911791474617972,0.8600830020770861,0.6054765972637743,0.4345780878107935
41,0.8613666154200371,0.9280983867134105,0.9124500417212188,0.8612365452584331,0.6029755110780813,0.4323513940849932
42,0.8622525844309507,0.9285755674316183,0.913266259514512,0.8621320547595235,0.6010267116024142,0.4303600582810169
43,0.8632556767772261,0.9291155346765143,0.9139252897392992,0.8631468533043418,0.5988106506617948,0.4285114561451736
44,0.8640689820812003,0.9295531088007835,0.9144153633274588,0.863962558278726,0.5970233959877924,0.4266270478664789
45,0.8647195838634995,0.9299029970182375,0.9150870934039756,0.8646182538166249,0.5955828424734859,0.42516569398022497
46,0.865329910107798,0.9302311057515743,0.9155341351330092,0.8652377587669886,0.5942185906648343,0.4239104666931405
47,0.8665924108493427,0.9309094536255077,0.9163093564562815,0.8665054335993502,0.5914171538662011,0.42198172720827676
48,0.8671791804865122,0.9312245596452611,0.9167356158501363,0.8670954281559214,0.5901087886554031,0.42062106863928245
49,0.8681531931246873,0.931747386969606,0.9174433054011601,0.8680703889345471,0.5879403457824389,0.41883781109611784
50,0.8687336703605446,0.9320588341733292,0.918023471797433,0.8686513885660259,0.5866443136256033,0.41704764622745544
51,0.8693080135932616,0.932366887868324,0.9182193439786502,0.8692302880022632,0.5853501123448239,0.4162458772350134
52,0.869871710670496,0.9326691324743701,0.9186998868822074,0.8697949137145699,0.5840850592749486,0.4148152566470002
53,0.8705648916295009,0.9330406698689512,0.9192741352480925,0.8704893284583061,0.582525444662472,0.41345617860463757
54,0.8706710665889139,0.9330975654179549,0.9195004297151357,0.8705972808756867,0.5822826147127822,0.41331861642184975
55,0.8717270848958435,0.9336632609757365,0.9201208676450467,0.8716559613363946,0.5798958130447929,0.41127490676180006
56,0.8717766941086514,0.9336898275705124,0.920374722798336,0.8717016834389699,0.579792510943939,0.41055670633503444
57,0.8723266457919111,0.9339842856236473,0.9205839703803601,0.8722528275176028,0.5785458339145833,0.40944668741712703
58,0.8729999475652609,0.9343446620842121,0.9212056783594081,0.8729279685368586,0.5770150075847384,0.4080100875403446
59,0.8732075017317663,0.9344557248643549,0.9213346913662762,0.8731346030744893,0.5765456685079746,0.4076074737432749
60,0.873968318335125,0.9348627270006689,0.9220172781270697,0.8738965969397743,0.5748116025531241,0.40605134537709864
61,0.8738854035148482,0.9348183799620378,0.9220627304373519,0.8738117296020564,0.5750049935493429,0.4058167300932175
62,0.87460674909686,0.9352041216209745,0.9226332180195697,0.8745329066625028,0.5733595371509278,0.404644680608608
63,0.8748137642159566,0.9353147941821274,0.9226332296903145,0.8747403971673791,0.5728852459144875,0.40417009322760583
64,0.8750415995067805,0.9354365823008941,0.9228106442023147,0.8749660155055721,0.5723690712272131,0.40327674105398215
65,0.8755925655663056,0.9357310327045405,0.9231129766431628,0.8755166100423675,0.5711074502809945,0.40263669707718197
66,0.8756833690311477,0.9357795515136826,0.9232819686556771,0.8756089084716845,0.5708956867068141,0.40248334983119116
67,0.8760535310968282,0.9359773133451643,0.9235260962518543,0.875975848670353,0.5700530246978625,0.40139226373492576
68,0.8763807396459601,0.9361520921548834,0.9239113297193934,0.8763053188601094,0.5692953481682422,0.4007766328567969
69,0.87667962058802,0.9363117112308379,0.9242218193058853,0.8766026448662724,0.5686107263647611,0.40037816469419363
70,0.8769663552846281,0.9364648179641508,0.9244314971074616,0.8768896072867429,0.5679491851017605,0.39974659279069163
71,0.8770213643086893,0.9364941880805719,0.9246638553534354,0.8769430099294886,0.5678259896647267,0.3992709353053498
72,0.8776280683795912,0.9368180551097375,0.9248831994127518,0.8775492717709259,0.5664255154571366,0.3980797818167149
73,0.8777861138640336,0.9369024035960385,0.9250731914030658,0.8777061592802446,0.5660625385601555,0.39753783953146643
74,0.8781373149163011,0.9370898115529266,0.9250604127218538,0.8780577521936869,0.565248242315217,0.3972961453937581
75,0.87834813442805,0.9372022910919786,0.9254717339947709,0.8782685874896542,0.5647593804171682,0.3964401084205435
76,0.8784176676159318,0.9372393865048213,0.9254874754284248,0.8783375808628935,0.5645993141842331,0.3965400948891589
77,0.8788541574059842,0.9374722168715117,0.9258294680565694,0.8787764061692174,0.5635801651119008,0.3956131058387141
78,0.8788503083431528,0.9374701639749154,0.9258696361880054,0.8787682551221042,0.5635991122950121,0.39530143503173415
79,0.8790759880548198,0.9375905225922561,0.9259419269236887,0.8789951036520026,0.5630715627858544,0.3947436598502004
80,0.87902818821975,0.9375650314616853,0.9259403641320021,0.8789462410232642,0.5631852374412397,0.39477250900194943
81,0.8794157570338874,0.9377716977142632,0.9262229574390715,0.8793330488487637,0.5622847335691922,0.39425721726682345
82,0.8797145241605288,0.9379309804887197,0.9265786300550977,0.8796329094480347,0.5615856526934363,0.39348936086887426
83,0.8800786415322637,0.9381250671058006,0.9266619995773057,0.8799958636753171,0.5607383123836346,0.39297398154344154
84,0.8800154464189471,0.9380913848975225,0.9269472681914782,0.8799303581681392,0.560891333927218,0.3932009023786085
85,0.8803098497148368,0.9382482878827116,0.9270136105167728,0.8802272081768948,0.5601975547472847,0.3925014632720939
86,0.8804611957208834,0.938328937910837,0.9267943116670124,0.8803786250297342,0.5598433416793103,0.3920846889005536
87,0.8806773034223999,0.9384440864656772,0.9271448370556037,0.8805948521928563,0.5593371274220976,0.3915113735328846
88,0.8811236288994321,0.9386818571270205,0.9274045630966433,0.8810416343516119,0.5582897016673719,0.39086885109996483
89,0.8811955306001334,0.9387201556375219,0.9275495513128625,0.8811121192177611,0.5581242790615766,0.3905160536059457
90,0.8813700201613959,0.9388130911749142,0.9277188590250608,0.8812861609398375,0.5577156062594999,0.3897882891636908
91,0.8811441133784305,0.9386927683637688,0.927294540938751,0.8810589209810816,0.5582491358030329,0.39036591981555463
92,0.881716445854451,0.9389975749992385,0.9278653348720268,0.8816328359787862,0.5569006741393491,0.38945420634603034
93,0.881765470619181,0.9390236794773493,0.9278499221327277,0.881680283312517,0.556789046472832,0.389521082974748
94,0.8820146452522535,0.9391563476079232,0.9280416613077961,0.8819302929781608,0.5562004875290637,0.3886943397830659
95,0.8818002112076556,0.9390421775445756,0.9278875711869714,0.8817155659806908,0.5567060236746812,0.3891555586893345
96,0.882361061814805,0.9393407591576154,0.9282150069274712,0.8822778392414969,0.5553812771335459,0.38844894394488316
97,0.8823684116550967,0.9393446713827132,0.9281980822915405,0.8822829145842932,0.5553693049580113,0.3878116343470903
98,0.8828985207749437,0.9396267986679319,0.9284932605383057,0.8828146591566453,0.5541135447501956,0.3871349034442619
99,0.8826549777980541,0.9394971941405972,0.9284841863225395,0.8825680391873864,0.5546963123604314,0.3873109430378369
100,0.8831083922130938,0.9397384701144745,0.9286438016890578,0.8830235699639668,0.5536194046735696,0.386897605993723
101,0.8831097931890359,0.9397392155215395,0.9285692423174718,0.8830230220975283,0.5536207011276345,0.3867563522846807
102,0.8831423723278677,0.9397565494998524,0.9287758272038553,0.8830553862515768,0.5535441103938854,0.3865199949754414
103,0.8833015929576951,0.9398412594463466,0.9288557368754017,0.8832149753229538,0.5531662830337236,0.38594193313713443
104,0.8837608665065508,0.9400855633965179,0.9290261585887872,0.8836768874584047,0.5520712480525413,0.3855654966060662
105,0.883812165132646,0.9401128470203169,0.9291479813401344,0.8837305699375395,0.5519438444236628,0.38531249737957124
106,0.8841390769610574,0.9402866993428428,0.9290511356057882,0.8840567594961799,0.551169071686544,0.3845478400549356
107,0.8843058194509844,0.9403753609335918,0.9292962168258073,0.8842245284302287,0.5507701587272791,0.38444142828788197
108,0.8846047869542097,0.9405343092913787,0.9293536728750992,0.8845243341846032,0.5500565745010518,0.3837700727489474
109,0.8849290586687286,0.940706680463537,0.9295025087758958,0.8848495328678878,0.5492815030283749,0.3832026190412642
110,0.8853628111975208,0.9409371983280949,0.9297612319878459,0.885284387459533,0.5482433677863072,0.38220022941956444
111,0.8854639551753506,0.9409909431951781,0.9298610235514322,0.8853849878165015,0.5480029228531414,0.38169934667093697
112,0.8856574995535282,0.9410937782992358,0.9299965074259162,0.8855796402771673,0.5475373841609055,0.3814973189666392
113,0.8858494204486058,0.9411957397101868,0.929954647755681,0.8857716693271458,0.5470777315439099,0.38102899284533837
114,0.8859668576128924,0.9412581248588989,0.9302071493460268,0.885886334175928,0.5468030784194479,0.38057089913728215
115,0.8862356791232944,0.9414009130669534,0.9303262030770754,0.8861566900469565,0.546154956719098,0.38041410641853424
116,0.8863514183574909,0.9414623828690609,0.9303729145068947,0.8862721748430732,0.54587787149786,0.3798389666399887
117,0.8867525576858264,0.9416753993207126,0.9306295481647978,0.8866721686023898,0.544917068508335,0.37907717667450463
118,0.8869438460860941,0.9417769619639752,0.930840173425725,0.8868646833882348,0.5444540349321947,0.3789629519409851
119,0.8872140338146919,0.9419203967505374,0.9309187162009713,0.887134418432226,0.5438046091994904,0.3783013316289884
120,0.8869508689427215,0.9417806904703041,0.9307533330673277,0.8868679222906843,0.5444462414059045,0.3785925840782718
121,0.8875864345883159,0.9421180576702225,0.9313827451879508,0.887505863446919,0.5429090306962577,0.377689485171456
122,0.8874211582780206,0.9420303383002169,0.9312088494970849,0.8873382996403849,0.543313220884961,0.37768193430386743
123,0.8877639043235378,0.9422122395318022,0.9313764416012484,0.887682049183976,0.5424837182651668,0.3770810187617399
124,0.8878793770257345,0.9422735149762698,0.9313484244324653,0.8877964676891288,0.5422073332729626,0.37682769559565593
125,0.8880346723415862,0.94235591595829,0.9314336795890307,0.8879531571980235,0.541828611318922,0.3765507479180081
126,0.8881779689516387,0.9424319439363475,0.9317214129088113,0.8880948764817116,0.5414858445939998,0.37603841858223436
127,0.888187707907443,0.9424371108500794,0.9315231822345242,0.8881055067450723,0.5414601251557,0.37641831900911055
128,0.888266591306604,0.9424789606705315,0.9317745400938512,0.8881823072549139,0.5412742735090432,0.37590141462681903
129,0.8884907891039887,0.9425978936449996,0.9316947920172273,0.8884099495110427,0.540723020527594,0.37553168162351497
130,0.8887855445810666,0.9427542333933413,0.9319564497849887,0.8887053857911853,0.5400067601089846,0.37511216485169524
131,0.8887265804330075,0.9427229605950043,0.9318940738283614,0.8886422857574224,0.5401598205992002,0.37537603176059176
132,0.8889789695025057,0.9428568128313581,0.9319152663796594,0.8888978932433249,0.5395395303228079,0.3748735515297173
133,0.8888816435125073,0.9428051991331547,0.9318664336468703,0.8888000766600223,0.539776988926491,0.3750849924673109
134,0.8893084858394925,0.9430315402145847,0.9322887848669847,0.8892285953521561,0.5387359459523804,0.37406196304338235
135,0.8893838162585059,0.9430714799306091,0.932196716260937,0.8893020582545922,0.5385572731696292,0.3739668782653504
136,0.8893652618621906,0.9430616426629753,0.9323618115161418,0.8892839830324912,0.5386012403149592,0.37405480170266314
137,0.8896101748379405,0.9431914836542683,0.9323555393346921,0.8895280921667676,0.5380071526787773,0.37350072980281873
138,0.8896384292775452,0.94320646163899,0.9323212009557953,0.8895567671223115,0.5379373234673166,0.37332989619066675
139,0.8895643501268902,0.9431671909724654,0.9322781502166216,0.8894818728962721,0.5381196867078232,0.3736543644648492
140,0.8898645569222388,0.943326325786704,0.932459500564793,0.8897841926521788,0.5373831757672911,0.3732902648629935
141,0.8898163832530391,0.9433007915045111,0.9324738454023729,0.8897350826294751,0.5375028861855796,0.372906535888245
142,0.8901831978904646,0.9434952028974306,0.9327499537735218,0.890102306574301,0.5366070956205671,0.37223943586988834
143,0.8901669028745257,0.9434865674054534,0.9326962407718468,0.8900850685669821,0.5366491787346573,0.3721654063102041
144,0.8901593426854169,0.9434825608803893,0.9326608811167426,0.8900771141285699,0.5366685967771249,0.3721215597859478
145,0.8904386757617667,0.9436305822522748,0.9326541912598946,0.8903590813289454,0.5359798407177202,0.3715751373611078
146,0.8906860639607936,0.9437616563310866,0.9328683147230158,0.890606590817733,0.5353745236008299,0.37156918456132265
147,0.8904923785188612,0.9436590372157008,0.9326309492042186,0.8904116017326235,0.535851452293723,0.3714885167619962
148,0.8909476032366496,0.943900208304168,0.9331170530513557,0.8908678806234482,0.5347347613978652,0.3708769619257342
149,0.8907444492242543,0.9437925880320613,0.9329315211233785,0.8906635817137558,0.5352350478820606,0.3713120846839957
150,0.890975778396368,0.943915133047654,0.9330243860448042,0.890894742226788,0.534668947973201,0.37097964709695025
151,0.890889178632158,0.9438692592897382,0.9328491325856593,0.8908085907842502,0.5348799983512241,0.3710458719262393
152,0.891311620701788,0.9440930148570049,0.9331988578140298,0.8912327163486418,0.533840186690637,0.37034175070783276
153,0.8913378437479371,0.9441069027117297,0.9331649887909379,0.8912576227977298,0.5337790615791472,0.3702277565424666
154,0.891460354616737,0.9441717823662914,0.9331773605972368,0.891380363642717,0.5334777301534465,0.3698806590253912
155,0.8915614847966107,0.9442253358158802,0.9334145756768345,0.8914797031497881,0.5332337248382902,0.3695828226989272
156,0.8917508674070711,0.944325615138693,0.9334413321048651,0.8916699540685518,0.5327661039822201,0.36938719265990927
157,0.8916316767093763,0.9442625041318622,0.9333668827635098,0.891552686403826,0.53305438659938,0.3693792386097938
158,0.8918845446249655,0.944396391683581,0.9335806657639423,0.8918042921768856,0.5324356647575651,0.36902119607858974
159,0.8920923779482155,0.9445064202789818,0.9334885189517786,0.8920135217200037,0.5319206019035139,0.3686811221149972
160,0.8920358500803971,0.944476495250356,0.9337000604914449,0.8919553746479415,0.5320637932712838,0.368581168073872
161,0.8921310731785078,0.9445269044227949,0.933687704997652,0.8920512230749571,0.5318277389894691,0.36846055790512017
162,0.8922359229480941,0.9445824066475597,0.9337444767272138,0.8921577507663265,0.5315652609563905,0.36844844149389966
163,0.8926892446111994,0.9448223349451481,0.9339412465460362,0.892613014660693,0.5304420535825282,0.36751292492235976
164,0.8928148167694836,0.9448887853972469,0.9338857863844481,0.8927386698284163,0.5301316235323761,0.36743325015581446
165,0.8927236078709475,0.944840519807946,0.9340178584598119,0.8926453028740926,0.5303623031650817,0.3674328719296167
166,0.8927378807408314,0.9448480728354336,0.9339227148596853,0.8926586494151643,0.5303293343129102,0.3671251335599841
167,0.8927063401905424,0.9448313818827907,0.93398093367333,0.8926282851176203,0.5304043377434751,0.3671748579916443
168,0.8930491632614342,0.9450127847079298,0.9341239043448564,0.8929712572328792,0.529556538115989,0.36653383507866005
169,0.8929844682064815,0.9449785543632608,0.9341099727106412,0.8929052755422021,0.5297197449858809,0.3667347973651961
170,0.8930734486630467,0.9450256338655839,0.9341548994913582,0.8929941320919369,0.5294999450075699,0.3665088987378395
171,0.8931282374577408,0.9450546214149421,0.9342570302593459,0.8930489124139548,0.529364392204011,0.36637961055928625
172,0.8936871174461982,0.9453502617793045,0.9345013706306627,0.8936085125285298,0.5279776793971793,0.36549188147040096
173,0.8932266407710912,0.9451066822169296,0.9342661210109334,0.8931481373622707,0.5291187736497055,0.36611111625045006
174,0.8933766950301532,0.9451860637092336,0.9342499919799566,0.8932986550383873,0.5287459687542942,0.3662656133839049
175,0.8935720602105682,0.9452894055317513,0.9343274801911193,0.8934935437604432,0.5282628739884522,0.36561902447651445
176,0.8935570931562475,0.9452814888467083,0.9343828059876604,0.8934777925484646,0.5283019348735177,0.3656641539052422
177,0.8937550615130776,0.9453861970184883,0.9345706957514015,0.8936762623966606,0.5278095451063138,0.3652651660783386
178,0.8939921929821325,0.9455116038326195,0.9346933228035271,0.8939142930232462,0.527218401330919,0.3649273874859495
179,0.8941042139169489,0.9455708402425228,0.934786070162415,0.8940267252092329,0.5269389478918606,0.36446324542536845
180,0.8941378983009507,0.9455886517407838,0.9347061299336797,0.8940599238356507,0.5268564034031689,0.36472533185642403
181,0.8942112621257802,0.9456274436191986,0.9347205921162139,0.8941343610870407,0.5266712768895212,0.36423087103822205
182,0.8942803377802478,0.9456639666288705,0.9348704849656321,0.8942032261700071,0.5264999504718322,0.36441069581092306
183,0.8943507445338362,0.945701191991337,0.9349908430697802,0.8942724756673366,0.5263276114497327,0.3642237389242821
184,0.8944794226309769,0.945769222712907,0.9347906928535116,0.8944052342050427,0.5259970616092796,0.36398924267565413
185,0.8945113987038835,0.9457861273585497,0.934892394837105,0.8944340201259359,0.5259253613609732,0.3637551144166203
186,0.894628465062176,0.9458480137221696,0.9348667161389869,0.8945508028515661,0.525634377499994,0.3640413064569234
187,0.8948311922612392,0.9459551745517535,0.9350932581713601,0.8947542132231288,0.525127161236846,0.36351784543929355
188,0.8946724194249286,0.9458712488626181,0.934932731549258,0.8945962284262194,0.5255211484933981,0.36360011438024015
189,0.894930894511439,0.9460078723305853,0.9350915951979669,0.8948556547396377,0.5248740274085825,0.36310752391640794
190,0.8951757575529621,0.9461372826144023,0.9352392150657587,0.8951003163234902,0.5242630040527628,0.3628526080730423
191,0.8952438772353963,0.9461732807659471,0.9351981560939219,0.8951679913943218,0.5240938650293596,0.3627488733600159
192,0.8954022825353648,0.9462569854618598,0.9351695673547274,0.895328001386812,0.523693737811897,0.362439538604814
193,0.8953405482046335,0.9462243646221722,0.935170813493572,0.8952657591803284,0.5238494194169662,0.3622929172979437
194,0.8954880305498555,0.9463022934294613,0.9353561466700868,0.8954122265904243,0.5234829981257121,0.36226366278130046
195,0.8957619590512959,0.9464470186182092,0.9355674032244441,0.8956852729258314,0.5227992254367824,0.36153789233372224
196,0.8956182459954002,0.946371093174026,0.9351992806452445,0.895543465901055,0.5231544553563651,0.3622105395221934
197,0.8958903406577223,0.9465148391112104,0.93554503632841,0.8958143620834135,0.5224756440721087,0.36154744389160526
198,0.8957830674933132,0.946458169964903,0.9354249242050473,0.895706460220221,0.52274613004024,0.36143208560807094
199,0.8959303847012255,0.9465359922904293,0.9355304956306021,0.895855715781853,0.5223719424242846,0.36100064347025307
200,0.896002304651526,0.9465739826614332,0.9354861612808029,0.8959270606430985,0.5221929842654338,0.36097641209398046
201,0.8961498079004638,0.9466518937288753,0.9356757747580686,0.8960730427414481,0.5218266182394408,0.36110484216797073
202,0.8962712969041565,0.9467160592829077,0.935671293282292,0.8961951552640233,0.5215199591427898,0.36042002402646417
203,0.8961992850533785,0.9466780260750627,0.9356861845434218,0.8961251760956539,0.5216957186865971,0.3610713021457953
204,0.8963375837018006,0.9467510674415959,0.9356709149041283,0.896262774474633,0.5213500705752317,0.3605225262800659
205,0.8964064697061827,0.9467874469521564,0.9357357919254617,0.8963309759195623,0.5211786630885398,0.3600415882817528
206,0.8964012421348041,0.946784686259132,0.9358083847867184,0.8963246454366963,0.521194575567026,0.3601155220430614
207,0.8965872878957291,0.946882932518974,0.9359098743253245,0.8965124239889413,0.5207223634439119,0.35994875385123676
208,0.8966571737016764,0.9469198348866048,0.9359106335337762,0.8965813535861162,0.5205489167223925,0.36042718564968246
209,0.8967847794000813,0.946987211846116,0.9359647554564479,0.8967089541903029,0.520227684238495,0.35969403665362987
210,0.8967900729487024,0.9469900067839695,0.9358999868724919,0.8967162931301136,0.5202092025421787,0.35945979595146044
211,0.8969712989162795,0.9470856872090724,0.9360150104549074,0.8968968530819187,0.5197542903454021,0.35961026832460424
212,0.8971535852691163,0.9471819177270613,0.9361323912596827,0.8970806063023528,0.5192909237116838,0.3589457954511611
213,0.8971899501787132,0.9472011139028059,0.9361691089519489,0.8971175189610799,0.5191977919559337,0.35866133171179476
214,0.8971540296242524,0.9471821522939776,0.9361538834594643,0.8970796933824502,0.5192932268245918,0.35883932338881097
215,0.8975214632235073,0.9473760938632063,0.936277864186411,0.8974453521624178,0.5183699246552379,0.35828504428706603
216,0.8975161269473773,0.9473732775138726,0.93631115779977,0.8974423688373754,0.5183774643170844,0.3581871420356023
217,0.8975952833253791,0.9474150533559086,0.9363659352415667,0.8975230395865467,0.5181735490913673,0.3582739481299107
218,0.8974667117988662,0.9473471970713091,0.9363077859601538,0.8973917601604605,0.5185053493007195,0.3582292146096247
219,0.8975449712308494,0.9473885006853574,0.9363350995056056,0.8974714920297373,0.5183038575150021,0.35820562201868317
220,0.8979400536541225,0.947596989048679,0.9367081744495209,0.89786627697095,0.5173050333220702,0.35724995648013186
221,0.8976868174317602,0.947463359413841,0.9363523461542396,0.8976134825831901,0.5179448366404181,0.35776113831355605
222,0.8979294195712343,0.9475913779531953,0.936447860656181,0.8978557788433548,0.5173316190301888,0.35770392035523785
223,0.8981984752655393,0.9477333355251037,0.9367639513734687,0.8981243460323246,0.5166510629263583,0.3567140682463041
224,0.898286490408352,0.9477797689380982,0.9366271124776573,0.8982130062031007,0.5164261988881995,0.35671256198396295
225,0.8980776295640379,0.9476695782624017,0.9366201747568835,0.8980039339483046,0.51695630101331,0.35696993335955274
226,0.8983401517915715,0.9478080775091388,0.9367748771897901,0.8982673861313373,0.5162882295344039,0.35662140389901253
227,0.8983653209143649,0.9478213549579717,0.9367059377408856,0.8982929813303796,0.5162232782332987,0.3567916262795943
228,0.8986100802640317,0.9479504629800193,0.9369651571844817,0.8985367110312986,0.5156043710274242,0.35632487760047493
229,0.8984216357936271,0.9478510620311758,0.9367327034708168,0.8983480816260235,0.5160834259935375,0.3565005877689458
230,0.8988126356251892,0.9480572955392452,0.9367765866964899,0.898741121184351,0.5150847352771176,0.3560356137312437
231,0.8985990286757561,0.9479446337607261,0.9366767039929609,0.8985265104483372,0.5156302884455974,0.3561790539724324
232,0.8986277226203714,0.9479597684608626,0.9367261991793733,0.8985550179831476,0.5155578538570147,0.35637973823664304
233,0.8989793548987093,0.9481452182544142,0.937034846800258,0.8989061715852149,0.5146647740127182,0.3556707493810193
234,0.8990529476904712,0.9481840262789019,0.937119449486001,0.8989806867949314,0.5144750620209573,0.3554682111739687
235,0.8991910838264829,0.948256865952725,0.9371216033834644,0.8991192230276606,0.5141221696519666,0.35468822516355025
236,0.8992377497391414,0.9482814717894387,0.9370521361463737,0.899165979295065,0.5140030130576876,0.3551227052467131
237,0.8992566515828619,0.9482914381047974,0.9371387370709903,0.8991846361917253,0.5139554589452103,0.35492985419178097
238,0.8996250576070939,0.9484856654726486,0.9373434299084789,0.8995549304562751,0.5130107128796132,0.3546523195427464
239,0.8991405025703074,0.9482301949264792,0.9371144341554438,0.8990667024340626,0.5142559834904815,0.35481889931726346
240,0.8993700944594158,0.9483512505709156,0.9371913389438633,0.8992974655144449,0.5136677771963104,0.3547771130207775
241,0.8999792266954176,0.9486723494945015,0.9375354723480608,0.8999092188832023,0.5121051716102141,0.35365660271915067
242,0.899836450324252,0.9485970958864732,0.9372713079727052,0.8997649659161501,0.5124740671871224,0.35368914292076936
243,0.899607609893272,0.9484764677593601,0.9373083472707089,0.8995346174711025,0.5130625832813,0.35411404425418475
244,0.8997487990806292,0.9485508943017403,0.9372856980344519,0.8996789913707465,0.5126938021409656,0.3539930730661576
245,0.9001411991402648,0.9487577136130505,0.9377046237819325,0.9000704209812096,0.5116926176625729,0.3534037819441619
246,0.9004266933586453,0.9489081585478364,0.9376317529937881,0.9003575833987865,0.5109568765277116,0.3528405775179742
247,0.8999978794978418,0.9486821804470885,0.9374214369740674,0.8999276445490794,0.5120580328378799,0.3534931505148457
248,0.9004596972413345,0.9489255488400204,0.9377586588907488,0.9003884450812087,0.5108777425073224,0.35290924619210756
249,0.900296028276476,0.9488393058239505,0.9376354924748906,0.9002248052060488,0.5112972001905,0.35285632968793573
250,0.9006072758967637,0.9490033065784153,0.9377593522431088,0.9005366855000156,0.5104974606834259,0.3523584895407482
251,0.9004613606130701,0.948926425289691,0.9377817187536938,0.9003905757112898,0.5108722787972768,0.3527325717423133
252,0.900746564736508,0.9490766906507133,0.9381094197167048,0.9006756661068426,0.5101406756265686,0.3517260361635949
253,0.9008061550859153,0.9491080839851243,0.9378859852073314,0.9007357441660274,0.5099863685376723,0.3518654078113927
254,0.9008972161396301,0.949156054682069,0.9378464156585864,0.9008275332814575,0.5097505231984965,0.35166601682082244
255,0.9009829032806054,0.9492011922035319,0.9380264811090582,0.9009121918031114,0.5095329026188158,0.3513194854985148
256,0.9011156377929208,0.9492711086896733,0.9379907348187836,0.9010452305964285,0.50919072928507,0.3517068593832728
257,0.9010318639978626,0.9492269823376607,0.9378899840081021,0.900963416611578,0.509401180563531,0.3516584522444084
258,0.9010732418023445,0.9492487776143552,0.9380953466280559,0.9010022857631751,0.5093012077345331,0.35133023572794164
259,0.901118588029563,0.9492726626368024,0.9381411324622793,0.9010487046998024,0.5091817908742798,0.35129411830656365
260,0.901362551864056,0.9494011543410166,0.9383257219461325,0.9012923479774818,0.5085545369293699,0.35103303370794026
261,0.9012601038465619,0.9493471987879675,0.9380849024221833,0.9011901011619516,0.5088178631366631,0.35116078127410894
262,0.9013942838654903,0.9494178657817074,0.93806877792382,0.9013231414514946,0.5084752047694624,0.35070359756962877
263,0.9015128424505633,0.9494803012440878,0.9382208787963159,0.9014434234257312,0.5081652078178597,0.3505235569754384
264,0.9016128002487457,0.9495329379483077,0.9382904201543875,0.9015423421328773,0.507910127607126,0.3505439156184325
265,0.9017317907952009,0.9495955932896923,0.9383054611994146,0.9016599876024856,0.5076065900915098,0.35016618770189517
266,0.9016667413210473,0.9495613415262063,0.9381698075954105,0.901595994978456,0.5077717202058318,0.35010917911047656
267,0.9017523820495204,0.9496064353454648,0.9381075431026582,0.9016840539575948,0.5075444740328763,0.35090663765488095
268,0.9019066806547211,0.9496876753200081,0.9382729028093865,0.901838408206808,0.5071458997309037,0.3500191314999396
269,0.9022137195806048,0.9498493141444089,0.938540039355309,0.9021447659619678,0.5063538919292204,0.34931138463321026
270,0.9022433159361984,0.9498648935170717,0.9385785844260401,0.9021758132514001,0.5062735581424559,0.34922233713459044
271,0.9022940647101859,0.9498916068216345,0.9384145118237511,0.902226598748922,0.5061421249393255,0.34903480220169014
272,0.9023676381232187,0.9499303332998796,0.9385061945570857,0.9022982713794342,0.505956577604391,0.3490066833738313
273,0.902511624828891,0.9500061183112943,0.938631917394828,0.9024442828965978,0.5055783698171362,0.34883569403557496
274,0.9022574504354448,0.9498723337561964,0.9386452095626846,0.9021855424499338,0.5062483815547415,0.34893482350552085
275,0.9026146845349934,0.9500603583641384,0.9386882391731032,0.9025458852037587,0.50531502640691,0.34846005055205115
276,0.9026150058423716,0.9500605274625242,0.9386931263075202,0.9025472098362526,0.5053115921805584,0.34870853859454015
277,0.9030963848482505,0.9503138349241527,0.9390373084585911,0.9030294151927785,0.50405987777608,0.34781939442139403
278,0.9026904418440131,0.9501002272623739,0.9386993363828451,0.9026222665178073,0.5051169629825936,0.3483817044973605
279,0.903131390696107,0.9503322527916797,0.9390007797633146,0.9030621930299624,0.5039746798314777,0.34783449816915546
280,0.9032670455256807,0.9504036224287454,0.9391414052036102,0.9032005353571105,0.5036149341082846,0.34762332211502217
281,0.9029476456182745,0.9502355737490962,0.9388761198210442,0.9028794311494435,0.5044495409319983,0.34831846070314637
282,0.9030973173764489,0.9503143255662563,0.9388993911067788,0.9030288009420454,0.5040614742326742,0.3476661517206163
283,0.9032407640632587,0.9503897958539207,0.9390367898475321,0.9031719464429973,0.503689297852132,0.3475186113255388
284,0.9033475683736538,0.9504459839326252,0.9390451378884446,0.9032802127631175,0.5034076241175445,0.3475040868795094
285,0.9034680547331234,0.9505093659365608,0.9391458969418408,0.9034001048337643,0.503095519948539,0.3469422124185223
286,0.9035190450559998,0.9505361881885389,0.9392204510211246,0.903451137100631,0.5029626135075137,0.346882779252453
287,0.9033867395856852,0.9504665904626464,0.938903324773101,0.9033211136173387,0.503301172378713,0.3472036286891277
288,0.9034544874432343,0.9505022290574778,0.9392168315692794,0.9033854278348068,0.5031337376503242,0.3469300351959217
289,0.9037006934844701,0.9506317338930317,0.939080332239416,0.9036336275097023,0.5024870550012512,0.34659262777824174
290,0.9037632113999559,0.9506646156242243,0.9393108179401766,0.9036964159910386,0.502323328074631,0.3463413427050452
291,0.9036605779297863,0.950610634239795,0.939051498200299,0.9035928650993096,0.5025933183038874,0.3464569551512534
292,0.9041419840695623,0.9508638094225499,0.9394272055311422,0.9040762223729432,0.5013318069033346,0.34559612978482274
293,0.9041479300158901,0.9508669360199103,0.9393118753384937,0.9040807379097991,0.5013200068629835,0.345370196790409
294,0.9040033046428522,0.9507908837609108,0.9393591039768164,0.9039354367071162,0.5016995700147603,0.34622024341875535
295,0.904286370650048,0.950939730293171,0.9394504039335914,0.9042185987848435,0.5009596138392151,0.345421356682417
296,0.9043171779084087,0.9509559284785043,0.9395609882404891,0.9042496382426014,0.5008784353716587,0.34526720255316207
297,0.9043447810871448,0.9509704417526064,0.9394540715738545,0.904277126986925,0.5008065322094712,0.34531066154044837
298,0.9043426273230283,0.95096930934864,0.9394317475616908,0.9042762028961108,0.5008089495501996,0.34501585443198673
299,0.9044605213563777,0.9510312935736562,0.9395215609889407,0.90439286563867,0.5005036777177276,0.3450834213005645
300,0.9044815114566879,0.9510423289510777,0.9395307450950091,0.904415587965783,0.5004441984531512,0.3450887106224025
